ExterQual_TA,-0.5890435234097592
KitchenQual_TA,-0.5192978536548852
FireplaceQu_NA,-0.4719080685164935
BsmtQual_TA,-0.4523935323501025
GarageFinish_Unf,-0.41060831129167347
MasVnrType_None,-0.37446767345545895
GarageType_Detchd,-0.35414078841270374
HeatingQC_TA,-0.31267704543518304
MSZoning_RM,-0.2880651218971255
BsmtExposure_No,-0.2636004118714244
CentralAir_N,-0.2513281638401553
SaleType_WD,-0.24259751727295076
MSSubClass_30,-0.23863980017239533
GarageType_NA,-0.23683171182004392
GarageFinish_NA,-0.23683171182004392
GarageQual_NA,-0.23683171182004392
GarageCond_NA,-0.23683171182004392
RoofStyle_Gable,-0.22474411621309087
PavedDrive_N,-0.212629782531411
Electrical_FuseA,-0.1939779235666237
Neighborhood_OldTown,-0.19218879886097276
Neighborhood_NAmes,-0.1885125969979694
Neighborhood_Edwards,-0.17994896448338463
Exterior1st_MetalSd,-0.16706804265413444
Neighborhood_IDOTRR,-0.16405585189091745
HouseStyle_1.5Fin,-0.16346607100995553
Exterior2nd_MetalSd,-0.1623886705844275
Exterior2nd_Wd Sdng,-0.16180049517317974
Exterior1st_Wd Sdng,-0.15861908165107266
KitchenQual_Fa,-0.15719868628269504
MSSubClass_50,-0.1566922256381896
SaleCondition_Normal,-0.15398979048536604
BsmtQual_NA,-0.1528292232499459
BsmtFinType1_NA,-0.1528292232499459
BsmtCond_NA,-0.1528292232499459
BsmtExposure_NA,-0.15023070484487624
BsmtFinType2_NA,-0.14527420198499946
Neighborhood_BrkSide,-0.14364786671580423
Fence_MnPrv,-0.14061316493210463
KitchenAbvGr,-0.1359073708421411
BsmtFinType1_Rec,-0.13566662734333568
HeatingQC_Gd,-0.13472249330663522
HeatingQC_Fa,-0.13375753334263052
GarageQual_Fa,-0.13314234807213352
BsmtFinType1_BLQ,-0.13291383782570187
BsmtCond_Fa,-0.13273855172329807
GarageCond_Fa,-0.13077383506503154
BsmtQual_Fa,-0.12872541129366233
EnclosedPorch,-0.1285779579259565
Neighborhood_Sawyer,-0.1283940655054436
Electrical_FuseF,-0.1266009863576843
SaleCondition_Abnorml,-0.11806923061460255
Condition1_Feedr,-0.11732867748568175
ExterQual_Fa,-0.11514885538092016
BldgType_Duplex,-0.11465483002228433
MSSubClass_90,-0.11465483002228433
MSSubClass_160,-0.11304188140989828
Neighborhood_MeadowV,-0.11254415474599883
MSZoning_C (all),-0.11125658290808613
Exterior1st_AsbShng,-0.10912582164200847
Condition1_Artery,-0.10640071096805336
BsmtFinType1_ALQ,-0.10262077890522295
Neighborhood_BrDale,-0.10130283618166964
Fence_GdWo,-0.10004697881045703
Exterior2nd_AsbShng,-0.09922021939101373
BldgType_Twnhs,-0.09873019861048894
BldgType_2fmCon,-0.09734830194128412
Exterior1st_HdBoard,-0.09514764583955214
MSSubClass_190,-0.09357770607048004
HouseStyle_SFoyer,-0.09308987468225172
PavedDrive_P,-0.08862292093317291
HouseStyle_1.5Unf,-0.08768640584636458
BsmtFinType1_LwQ,-0.0845770685275568
BsmtFinType1_Unf,-0.0833991408915448
MSSubClass_45,-0.08291208642778082
MSSubClass_180,-0.0822150845804487
SaleType_COD,-0.08104671129791084
LotConfig_Inside,-0.0805378691459057
OverallCond,-0.07785589404867801
FireplaceQu_Po,-0.07591630695525028
Functional_Min2,-0.07132000820499214
GarageType_CarPort,-0.07037062648692655
Functional_Maj2,-0.07021447788221294
Exterior2nd_HdBoard,-0.06786360534380857
MSZoning_RH,-0.06542929310102469
Functional_Min1,-0.06405145656743297
Neighborhood_SWISU,-0.06370549244437913
GarageCond_Po,-0.06329621903329344
HouseStyle_1Story,-0.06181110053588814
Neighborhood_Mitchel,-0.05784505418676349
BsmtFinType2_BLQ,-0.05710200253165685
BsmtCond_Po,-0.054528725636624316
Exterior2nd_Plywood,-0.05294086897596914
Exterior1st_WdShing,-0.051317406143119866
Exterior1st_BrkComm,-0.051264124410563154
Fence_MnWw,-0.05116446441396431
SaleCondition_AdjLand,-0.05068563355867201
MSSubClass_85,-0.04913652981950298
Electrical_FuseP,-0.047760617694947965
Exterior2nd_Brk Cmn,-0.047376909721541724
Condition1_RRAe,-0.04665127135276286
SaleCondition_Family,-0.04648019603234482
GarageQual_Po,-0.046141701431318384
MasVnrType_BrkCmn,-0.044393863680547485
Exterior2nd_Stucco,-0.04241569231469865
SaleType_ConLD,-0.04179084064107887
Exterior2nd_Wd Shng,-0.04032943564552015
BsmtFinType2_Rec,-0.039493936531656004
HouseStyle_SLvl,-0.03864543349361018
Neighborhood_NPkVill,-0.03790973990404993
BsmtFinType2_LwQ,-0.03760394773113714
Electrical_Mix,-0.03755543121243718
MSSubClass_70,-0.036883017176535124
RoofStyle_Gambrel,-0.03512143449364918
SaleType_Oth,-0.03489499491751532
Functional_Maj1,-0.03341995349143347
HeatingQC_Po,-0.03096220140670991
Exterior1st_Stucco,-0.02980225815683787
GarageType_Basment,-0.02942496852213687
MSSubClass_80,-0.028645606731152035
SaleType_ConLw,-0.027475125928901764
Exterior1st_AsphShn,-0.026676602032987353
GarageCond_Ex,-0.02654642941324314
FireplaceQu_Fa,-0.026085813898165333
HouseStyle_2.5Unf,-0.025855674595624437
LowQualFinSF,-0.025606130000679586
Exterior2nd_CBlock,-0.025028294581555473
Exterior1st_CBlock,-0.025028294581555473
Exterior2nd_AsphShn,-0.024524407793441252
GarageType_2Types,-0.02397376065437405
Neighborhood_Blueste,-0.020250412762982357
Exterior1st_Plywood,-0.017719256492840164
Functional_Sev,-0.01711641881468286
BsmtHalfBath,-0.016844154297359023
Exterior2nd_Stone,-0.016753527668945754
MSSubClass_40,-0.016365535870343183
Functional_Mod,-0.01607254127138038
SaleCondition_Alloca,-0.015525374015419827
BsmtFinSF2,-0.011378121450215136
LotConfig_FR2,-0.006858890782775989
Fence_GdPrv,-0.005151941767351624
Electrical_NA,-0.004424451438658035
GarageCond_Gd,-0.000982975978289855
RoofStyle_Mansard,-0.0003083190938173065
BsmtFinType2_GLQ,7.551406179757798e-05
BldgType_TwnhsE,0.0038043834533088715
LotConfig_Corner,0.0041448232940725065
Condition1_RRNe,0.004583875135268449
Condition1_RRAn,0.005892711711544391
SaleType_ConLI,0.014371054765972278
Neighborhood_SawyerW,0.014560153318488712
MSSubClass_75,0.015264598404934543
RoofStyle_Flat,0.01643347828794227
LotConfig_FR3,0.018185562475503358
Neighborhood_Blmngtn,0.019065649513505457
SaleType_CWD,0.01958806646757449
RoofStyle_Shed,0.02055710256278188
Condition1_RRNn,0.02323633312450888
Neighborhood_NWAmes,0.023482773020255285
Exterior2nd_BrkFace,0.024758995691036467
Exterior1st_ImStucc,0.02672855939340293
Exterior1st_BrkFace,0.03237139069159004
GarageQual_Ex,0.034327959907915935
Neighborhood_Gilbert,0.035939622294684004
Exterior1st_Stone,0.036180551287503034
HouseStyle_2.5Fin,0.03652572237598772
MSSubClass_20,0.04127392338024124
SaleType_Con,0.04135727608882858
BsmtFinType2_ALQ,0.041961566284396554
Condition1_PosA,0.04201689908541704
GarageQual_Gd,0.04329050472499082
BsmtExposure_Mn,0.04349308394088885
Exterior2nd_Other,0.045519264339725446
Condition1_PosN,0.04954116844794389
MasVnrType_NA,0.0519330295542704
Neighborhood_ClearCr,0.05571831053291107
MSSubClass_120,0.06294383548205996
Neighborhood_Veenker,0.06347063934055383
Neighborhood_Crawfor,0.07115960252664827
Neighborhood_CollgCr,0.07262599312707746
Exterior2nd_ImStucc,0.07440111895297542
BsmtCond_Gd,0.08882400808170209
MSZoning_FV,0.08994971967036092
BsmtCond_TA,0.10127486495836821
ScreenPorch,0.1114465711429111
Condition1_Norm,0.11296832108736445
Functional_Typ,0.11646204021800408
BsmtFinType2_Unf,0.11790149415647437
Neighborhood_Timber,0.1262363076697129
Exterior2nd_CmentBd,0.1281831600269246
Exterior1st_CemntBd,0.13349176235033514
BsmtExposure_Av,0.13679331642095155
BldgType_1Fam,0.13748324869515238
Neighborhood_Somerst,0.1400579963436251
LotConfig_CulDSac,0.14181753652525772
FireplaceQu_TA,0.16314664820995145
BedroomAbvGr,0.16821315430074
GarageFinish_RFn,0.1697915272095226
Fence_NA,0.17218394403812184
MasVnrType_BrkFace,0.19819120620063826
BsmtUnfSF,0.21447910554696892
Neighborhood_StoneBr,0.2153627227693867
BsmtFullBath,0.22712223313149404
PavedDrive_Y,0.231968034510422
BsmtQual_Gd,0.2348217284540197
GarageType_BuiltIn,0.235448650167308
RoofStyle_Hip,0.23589691866460297
Electrical_SBrkr,0.24189604705963133
HouseStyle_2Story,0.24288002726854266
MSZoning_RL,0.24506340389709352
GarageQual_TA,0.2453463171566246
CentralAir_Y,0.2513281638401553
FireplaceQu_Ex,0.2552385312288595
GarageYrBlt,0.26136643510296315
LotArea,0.26384335387140573
GarageCond_TA,0.2758720018050619
Exterior1st_VinylSd,0.3050088024776272
Exterior2nd_VinylSd,0.30638888087148153
BsmtExposure_Gd,0.307298314586694
OpenPorchSF,0.31585622711605543
2ndFlrSF,0.31933380283206764
KitchenQual_Gd,0.3216411088189491
WoodDeckSF,0.3244134445681295
Neighborhood_NoRidge,0.3304236257653574
MasVnrType_Stone,0.3304756465434121
GarageType_Attchd,0.33596064720954466
FireplaceQu_Gd,0.3393287232704454
SaleCondition_Partial,0.3520598546714344
SaleType_New,0.3575094050831939
MSSubClass_60,0.3771970684281062
Neighborhood_NridgHt,0.40214859817526727
GarageFinish_Fin,0.4196779678180174
HeatingQC_Ex,0.43454323853246896
BsmtFinType1_GLQ,0.4345973468827767
ExterQual_Ex,0.45116433022275587
ExterQual_Gd,0.45246612784479306
Fireplaces,0.4669288367515277
MasVnrArea,0.4726144990045743
KitchenQual_Ex,0.5040936759052961
YearRemodAdd,0.5071009671113862
YearBuilt,0.5228973328794969
TotRmsAbvGrd,0.5337231555820284
BsmtQual_Ex,0.5531048470089389
FullBath,0.5606637627484456
1stFlrSF,0.6058521846919148
TotalBsmtSF,0.6135805515591954
GarageArea,0.6234314389183617
GarageCars,0.6404091972583531
GrLivArea,0.7086244776126522
OverallQual,0.7909816005838047
